,A,B,C,D
2000-01-01,0.19645036745530436,1.3995398067160043,-1.3387846059610446,0.44952433629497257
2000-01-02,1.5069561097782582,3.1474482559674053,-2.0577259018350493,0.06556234396503807
2000-01-03,0.34212237074891916,3.661746903450725,-1.9180440177878282,0.8777560433643048
2000-01-04,0.34733123083097484,3.205480854153694,-3.1298460637014145,2.1792012126486604
2000-01-05,0.21963991019490195,3.649840173807746,-4.6999557733216655,3.083037573586726
2000-01-06,-0.43139177146184793,1.7572528101375484,-4.511880632591794,0.8624030807814522
2000-01-07,-0.8997629412528985,3.672579039276935,-5.171520670659883,-0.5272678396225547
2000-01-08,-2.2981411139616315,4.539542602497013,-5.265390466714064,-1.079961420475482
2000-01-09,-1.3661088184019397,3.187191858641806,-3.328280874123525,-0.11890218302534805
2000-01-10,-2.0594238107110563,2.7342414997947744,-2.9680274216396647,-0.04368249654575336
2000-01-11,-1.3669918001106516,2.5081205177432198,-2.951926971474948,1.5301516636316985
2000-01-12,-1.2183042674909068,2.9992003660048807,-2.6471752112489377,0.7649845953699191
2000-01-13,-0.383693272984171,2.025153622442017,-2.1926663057045768,0.9512229081133367
2000-01-14,1.157731220274338,2.26478707778745,-1.6404152395075795,1.3375946016230953
2000-01-15,0.9251627842251511,2.8884708330998827,-2.0195100778158555,0.24139680513565698
2000-01-16,-0.2024802857700989,1.5653913777685755,-1.141788453299955,-0.05085316457962741
2000-01-17,0.020691496559354844,0.13693119425696643,-3.4598569538035395,-0.41469192203070143
2000-01-18,-0.5619110506098306,-0.39810795215458195,-3.589903709170524,0.44428307422522223
2000-01-19,-1.3269741501357308,-0.9307945922293557,-2.716184797264801,1.060211610949612
2000-01-20,-1.3249558103678325,-2.030773894839198,-1.0635405645116454,2.547902777448278
2000-01-21,-2.181096327571315,-2.1037238233704016,-1.526680642580682,1.2599659186762897
2000-01-22,0.3236812393093551,-1.4872461408573594,-1.4838495874441975,1.256272774410295
2000-01-23,0.22424377661326744,-2.296385349683797,-0.6642667767621766,1.9765597236540564
2000-01-24,-1.2248580225217278,-2.8326366824309224,-1.7214026849191302,1.5979632925834446
2000-01-25,-1.3389914496390516,-3.0652366934702546,-3.5033327815447683,1.4511987713701644
2000-01-26,0.6413027691371564,-4.821962612130805,-2.4045980216111795,2.4181485077345166
2000-01-27,0.17441591944845414,-5.961622126986808,-3.1771962612892484,3.9044274229401417
2000-01-28,-0.3710224087030499,-5.056508672336849,-3.8528966578140933,4.632617896147567
2000-01-29,-0.5410357762199753,-6.0376797649623555,-5.197196040503048,4.979891442040665
2000-01-30,-3.2385099769913617,-7.798107029152709,-7.0436370442762835,4.781638725643945
2000-01-31,-3.2112833018308393,-9.290841931560612,-5.976501755291705,4.063947751672288
2000-02-01,-1.1937105228476654,-8.532218340325505,-4.5766849396085325,4.198044430846529
2000-02-02,-0.029384150840198187,-10.287149567624331,-5.700239854404614,5.643409081905948
2000-02-03,-1.480704692415747,-10.385829785935364,-6.87811112778495,5.997165959531391
2000-02-04,-1.622258526066229,-9.885425398713775,-7.632824978889908,6.442019372833067
2000-02-05,-1.1639195159298423,-11.154122175015514,-7.6326138421918435,5.917960370262419
2000-02-06,-0.3244034191418862,-9.389605909017972,-8.853241511931559,6.937548886076888
2000-02-07,-0.6808948086102378,-8.05567400876436,-10.044142970347671,5.3307558704300995
2000-02-08,-0.8649322095244589,-9.50902661271032,-11.842208401381898,4.641355125702815
2000-02-09,-1.94817216566915,-11.109317502233619,-12.697184159242774,5.353422799425861
2000-02-10,-1.920452314933821,-11.904406833337129,-13.532796236639543,5.718421066557597
2000-02-11,-3.3721525212797347,-12.705325870203863,-13.762450696618227,5.884308810350914
2000-02-12,-3.1998708674072245,-11.269241462283828,-12.153558417191165,6.305827957517852
2000-02-13,-3.2608007181013474,-10.55271923279342,-13.671933326950258,6.425191783633459
2000-02-14,-4.71532788280755,-9.800859948130011,-15.461324011394355,7.225351586932128
2000-02-15,-3.0007350285033745,-9.71076929311214,-14.594947742884134,10.468619121267613
2000-02-16,-2.6795246976244513,-10.089748919620623,-13.92553957801926,10.884557225524862
2000-02-17,-1.1156812915186833,-10.244701580950677,-14.23242752817849,13.456720066010918
2000-02-18,-1.1825415414530291,-10.633604605897022,-14.279463937864472,12.952005245635858
2000-02-19,0.04981018050677033,-10.437597923879425,-16.13628983207316,12.681018360909261
2000-02-20,-0.13586939572001774,-11.332470946664149,-17.285626190973975,11.185099875122166
2000-02-21,-0.8665253245459109,-11.450883842344334,-16.728339441926185,10.818073156078176
2000-02-22,1.1349097114917472,-9.872308441277882,-18.40718922808227,11.144110134061398
2000-02-23,2.3228712625094463,-9.090738973502887,-17.644879164689737,11.115619527819554
2000-02-24,3.058406157429753,-8.56950200889981,-17.96000987264765,9.99091019857833
2000-02-25,5.1625488310942576,-8.551718480077247,-18.406219158791078,9.58962701517966
2000-02-26,4.717423868112402,-9.32898842231248,-20.58242861587245,10.789885969464915
2000-02-27,5.506049961252151,-8.518271730914618,-20.988552628405113,11.720993547767273
2000-02-28,3.883207833529914,-9.25116312494352,-21.405317799150332,11.83802379810628
2000-02-29,4.487485921125716,-8.999459527600285,-23.039946375613994,13.263598994276542
2000-03-01,4.457545405492589,-7.633884173067091,-23.219174291408955,12.852291523771855
2000-03-02,5.405753740119491,-7.256882821654772,-20.844919746046944,12.017315185187599
2000-03-03,5.833548957593383,-7.350780680750189,-21.558202642807245,12.281641908466273
2000-03-04,4.5228842033607775,-6.9684764665301575,-20.759351468642357,12.860346447462366
2000-03-05,6.239023701655393,-7.557062095156143,-21.753073416155967,12.902473788141798
2000-03-06,7.028049940373601,-7.504833605904603,-22.208171198350346,14.05165615728802
2000-03-07,9.113323560365725,-10.461635423400814,-22.201501811792465,14.544497981369874
2000-03-08,9.32044646662925,-12.161016336183776,-20.926962191216564,14.482857259074072
2000-03-09,8.112487094890666,-11.32919173480647,-19.519712788456637,15.052195661057356
2000-03-10,8.529230029715873,-12.253485487812233,-20.677060853088953,16.68712807514942
2000-03-11,11.839042482806079,-12.10872918326541,-21.27448016397975,16.42130385648361
2000-03-12,13.241284993635887,-10.656343560054752,-21.386377000276475,16.7838379463402
2000-03-13,13.902852537499008,-8.873145975625276,-21.02410429029219,16.20140771462084
2000-03-14,13.923073808859735,-8.406368512582437,-19.40059895628813,17.01966630417125
2000-03-15,14.704065295247839,-7.130234969134808,-18.959922536810325,16.200321504755454
2000-03-16,14.800763337576802,-8.690299243926217,-19.196635666394833,16.6762667498112
2000-03-17,15.490983682392745,-10.89945440647399,-16.272471364150576,17.06549732314906
2000-03-18,16.72184499205554,-10.73695569260751,-16.866462904882237,14.9256605521265
2000-03-19,16.781345577010274,-9.943156179578951,-16.909011872346092,14.98967175238273
2000-03-20,17.94420147907794,-10.354155420638648,-16.129461430343888,16.344372924509425
2000-03-21,16.869988564584663,-9.843721183564353,-16.114799720308824,16.788078640401217
2000-03-22,16.8171578116002,-10.740671937104501,-18.18808522812548,17.71040191935163
2000-03-23,18.126115785942062,-9.48324176288703,-18.070435577698223,17.669291169493818
2000-03-24,19.196681076330215,-8.585038796670396,-17.997388856587868,17.16459208340989
2000-03-25,19.68663674447827,-8.127549661838687,-18.484074991484754,17.2584100760929
2000-03-26,20.054216488491367,-7.418911100527084,-17.63246150970337,18.59642799855948
2000-03-27,19.524108413871193,-7.890433358598601,-17.171179119644737,19.160795835150356
2000-03-28,20.557868839710164,-6.894901768098721,-16.91433176330872,19.939466340260953
2000-03-29,21.22159404594431,-7.707261675198149,-16.061181985670032,19.619231078871298
2000-03-30,21.566781138726352,-9.110112709804536,-16.6030011686929,18.32533936903268
2000-03-31,21.868899701030024,-10.01185631787082,-16.551571445841702,17.41179804331634
2000-04-01,22.256963357937376,-9.371695590767576,-17.89085826900333,16.614731798792917
2000-04-02,22.229768439543562,-9.482189531850391,-19.373147401026745,15.098538703008153
2000-04-03,23.014967308466055,-7.4375905255745725,-19.88488622297369,15.211872219272266
2000-04-04,24.096724879074543,-7.082262579435058,-21.549160110755967,13.76512766581555
2000-04-05,24.33184258566473,-6.484985322089273,-22.494796480756705,14.870353972777375
2000-04-06,23.07547281869399,-7.9214009541266925,-21.603907892396613,16.508891721919202
2000-04-07,23.600945882865922,-8.088938479216752,-20.345692228494357,16.35515852696387
2000-04-08,23.799187428625316,-8.837516693948237,-19.758730467765897,16.195753479031584
2000-04-09,23.817297653792384,-9.196523720904768,-19.38382272457129,15.19103036041703
2000-04-10,21.928053842459597,-8.649609676246971,-19.047227098443813,14.634673528682114
2000-04-11,22.210715818211227,-8.137872446383724,-18.96235263250146,16.33828696208274
2000-04-12,21.811459908333617,-7.1662786140337955,-18.953717029724544,15.258684367277432
2000-04-13,24.150305913851,-6.493900747312701,-18.67306174650538,14.439805666225997
2000-04-14,24.41743804506981,-6.286141103656689,-17.702213402956136,14.04605296195858
2000-04-15,25.033651467497304,-7.923064042037721,-17.028917845880212,13.352934906410045
2000-04-16,25.10044926631179,-7.95177680888213,-16.35579511376338,12.093597325706357
2000-04-17,24.913143591993066,-8.705723360156272,-14.201848242543415,11.557923929259628
2000-04-18,24.69411253013922,-8.672977682692414,-14.894382104283096,13.779751418540739
2000-04-19,24.170631678227462,-9.486266327272022,-15.692125451389284,13.604282495606121
2000-04-20,23.912613085682086,-10.114980864310219,-16.008049716328212,13.903332875697116
2000-04-21,21.817433616833814,-9.693376751007643,-18.705691694090294,14.821843989114342
2000-04-22,22.23628435217758,-9.342619749236137,-19.28848893096381,15.359227297805033
2000-04-23,22.492272751092976,-9.256195319095601,-18.943372756658746,15.301985701576774
2000-04-24,22.55277220087471,-8.052391491046937,-18.25700138289625,16.17222064779683
2000-04-25,21.14895778004175,-7.8453597044274295,-18.839919614808373,13.981841760340144
2000-04-26,21.820151435458136,-8.65787533843655,-20.440337654620187,15.700522124103923
2000-04-27,22.53340901836181,-8.984655310134242,-20.601988103269548,16.66671327709588
2000-04-28,22.639794095884913,-10.357934967657386,-19.620649400256898,18.79138301128999
2000-04-29,21.76470936381166,-11.085783734322863,-18.220473353275242,20.738598419623035
2000-04-30,21.69023480777672,-12.14950606777573,-19.06434494006424,20.002594274702346
2000-05-01,21.230290359518506,-12.148520638311949,-18.754361367746753,21.21267761382084
2000-05-02,22.796881750951805,-10.902340300574167,-17.98517150986998,19.75862092147507
2000-05-03,24.034337693533008,-10.94949084780944,-17.958306512199393,19.012310528870003
2000-05-04,22.80237303312631,-11.592382632653118,-18.89069797458115,18.418457554758717
2000-05-05,23.85863520258313,-10.932701536911907,-17.88015360200928,19.860241576700435
2000-05-06,23.395176621540664,-9.674470021135331,-18.357994678153318,19.709524577016115
2000-05-07,24.406748757318248,-11.124843614083703,-18.37336577206355,17.823542636136484
2000-05-08,22.910103193304877,-10.77263376075673,-18.19274335392026,18.700793125809895
2000-05-09,23.96517864290328,-10.947518412300676,-18.0175872356032,17.53435778444216
2000-05-10,22.569396008559515,-13.238452211048811,-19.367674781860913,16.94992554036974
2000-05-11,21.587521829147494,-13.644039618646117,-17.821754535876064,17.36553075181414
2000-05-12,20.61338122655156,-13.150722601915115,-15.672210091199723,16.16677346751098
2000-05-13,19.69950980118588,-11.844893985660358,-16.151854266149314,14.495417753740504
2000-05-14,19.655811457613662,-12.046461008615069,-17.066597327152593,13.87190929644853
2000-05-15,19.66976105855797,-12.673744526066445,-16.307661399767237,13.213904773003424
2000-05-16,21.53013959094558,-13.475470859301474,-16.468117343104208,13.207551820649448
2000-05-17,20.960597421689595,-13.494031133617726,-17.549994286241798,12.998038925951288
2000-05-18,21.718243079875162,-14.845571453665796,-17.408613604317686,11.758680541428854
2000-05-19,21.592367179366185,-14.566612011755787,-18.447991211615296,10.807220918448941
2000-05-20,22.426163577919375,-14.564990471093358,-19.60897277157222,10.71450973709731
2000-05-21,22.39024063606585,-16.031535474102355,-20.585205664360466,11.839569815028243
2000-05-22,21.75172047923899,-16.800699034025754,-21.871170196022685,10.445040326288241
2000-05-23,21.144269475112964,-15.888043642914218,-22.54834123094724,9.7956205088471
2000-05-24,19.702637290646297,-14.91180348946202,-22.50553301156832,13.586795366566854
2000-05-25,18.41385727245912,-13.911701693986405,-22.61678309486249,12.582144956353225
2000-05-26,17.380825212323874,-14.27750196239013,-21.784129895930597,12.625004764192848
2000-05-27,16.532027578769885,-11.918808092669648,-20.02002269627093,13.426794895118855
2000-05-28,15.566826574289284,-12.274909583439188,-20.174355692772597,12.596578907635314
2000-05-29,14.426105273432462,-12.678678913976649,-21.085844858557767,12.654742994136297
2000-05-30,14.07268966622517,-13.4146821478526,-19.58756711006138,13.335951019741014
2000-05-31,12.959001423421592,-12.48474558270138,-19.148863372453015,13.928574111410924
2000-06-01,14.138243833850172,-11.114446919385959,-19.832330729226037,11.998569923913493
2000-06-02,13.53248802282223,-11.028765291312501,-20.420084663419296,12.30385110671099
2000-06-03,12.633113135729815,-11.07866166860937,-18.651136116080615,13.322361165638693
2000-06-04,13.5849367110587,-10.790818728482272,-18.878778624205744,13.38675966117656
2000-06-05,13.337729910026539,-11.330027345297454,-16.92240918636908,11.875327717820424
2000-06-06,12.86809352535714,-11.148284942601816,-15.606917198880613,9.896624090926487
2000-06-07,12.883113449876348,-11.688158363776727,-16.00265036222701,11.123412208468926
2000-06-08,13.461465636424464,-12.183459872835673,-17.53196965178961,11.903676066906872
2000-06-09,14.00708846863258,-12.012809742571147,-16.652128715737973,10.25119017584154
2000-06-10,14.453861008159665,-11.579614263151816,-15.871457509424268,13.007164401156523
2000-06-11,15.903884752494037,-10.719576228068428,-15.268001297096454,12.601178985376517
2000-06-12,16.61401591954971,-10.159620912286297,-14.912395814113752,12.029149809956225
2000-06-13,16.24463369333685,-10.525523449822751,-13.981679584151165,11.870652042139021
2000-06-14,17.231549862315678,-11.554091818179765,-13.966278978112195,11.548059549761195
2000-06-15,17.294405662367648,-12.785335602056175,-14.943905017549405,11.018430882627783
2000-06-16,18.703879200926355,-13.231137687731238,-13.69523085650247,10.554284470456995
2000-06-17,20.39019389540104,-13.85801217674198,-12.062678477195002,10.84808132977251
2000-06-18,19.237812416951883,-14.262513811334259,-12.441971027693423,12.27886485464575
2000-06-19,19.77186647621534,-14.629210964992982,-12.772877445460642,11.958044505898012
2000-06-20,21.214712878894094,-15.224902840696437,-12.356698948071923,13.63570749598566
2000-06-21,21.09447448930045,-15.455824992289868,-12.34531635437999,14.941948347733979
2000-06-22,20.120860878172664,-14.883240033764537,-12.637172356477336,14.498425129982978
2000-06-23,20.997777922690247,-15.026310707084656,-14.59315020207399,14.937697797211383
2000-06-24,20.65759130753407,-15.047655778990574,-14.583115124561234,14.23997815821224
2000-06-25,20.09029448665549,-13.96183779280919,-14.264654933190826,16.06494948531745
2000-06-26,19.189323550885536,-15.121101404960712,-13.675022907841022,16.604215544184093
2000-06-27,19.914228393773318,-17.271275495361195,-13.841887492097397,16.874855363891065
2000-06-28,18.702395224712753,-16.353868337762947,-13.489921997102345,15.590678017266779
2000-06-29,19.382654774853446,-17.26529026811677,-13.855202219175359,16.69975782826708
2000-06-30,18.260730610693752,-18.0734910575442,-14.220557553017688,17.91770083952064
2000-07-01,18.70350878009046,-18.968856565563847,-14.621341306571768,15.750330716115796
2000-07-02,19.808742924096368,-17.204765578790855,-16.95184227680176,14.40306227580457
2000-07-03,18.96511866833387,-15.922533542614799,-17.30751623811099,13.285779670385626
2000-07-04,18.340782502230287,-16.118262816816102,-17.429643437717008,13.061481576502231
2000-07-05,17.434079700411655,-16.182225627258422,-16.653302052232213,14.126541286914067
2000-07-06,17.01682318252889,-15.335693637869712,-16.40451332856607,16.322415546680674
2000-07-07,17.799833826474245,-15.605937308662678,-16.50369190655235,16.064101262036854
2000-07-08,16.311235270259978,-13.900308045990267,-14.84325258675746,17.031113582670134
2000-07-09,16.676468007830454,-14.933033597463677,-14.557422724076416,17.618322334878947
2000-07-10,17.871967459982553,-14.145694137194143,-14.250908328210553,17.23156874860257
2000-07-11,17.08568319817457,-15.342526509282246,-14.805386820308652,19.18116049354887
2000-07-12,16.288714693019166,-15.74898471573815,-16.36087304955887,18.892883539089272
2000-07-13,16.078311543503077,-15.627822319924714,-16.896514297459518,18.72671450062905
2000-07-14,16.63956670741867,-14.849052834659517,-15.824423848879631,19.314418040471654
2000-07-15,16.01508768201857,-14.765421183364063,-15.030211059199331,18.379254026039618
2000-07-16,14.934701017309736,-14.737911712352128,-13.634970846021261,18.54527627336901
2000-07-17,15.144579392090305,-15.846858053963551,-13.107659871316491,19.77789060128203
2000-07-18,16.256047872111072,-14.39870759039404,-13.019630692282563,21.33055194479517
2000-07-19,15.709627981040615,-13.866116328523011,-12.119853598630382,20.5756597576496
2000-07-20,15.356541098052348,-13.227793236951731,-11.673319342244021,21.66695239798849
2000-07-21,15.809043689640102,-13.667139677336552,-12.242576148189707,20.689525010100603
2000-07-22,15.963554662536543,-14.037539075978994,-13.661910801258397,21.110010961165493
2000-07-23,15.16090992983117,-12.878858411651356,-11.920461780162334,21.3973455173553
2000-07-24,14.501403739224422,-13.839068730277715,-11.409643939893645,22.582029035970564
2000-07-25,15.429913156348366,-14.878892297586198,-12.12974662701011,22.614938799822525
2000-07-26,15.46327409050741,-15.20594259416425,-12.415182541857218,22.696798534900648
2000-07-27,15.759191132304311,-14.613883238144535,-13.837123658171349,22.282959172499407
2000-07-28,16.36752652745166,-15.293785148817681,-13.389566686504683,20.476774367943985
2000-07-29,15.710955727147317,-17.721596064438092,-12.140038541700584,21.116289606210007
2000-07-30,12.956203543603662,-18.369062369145958,-12.48866250139234,20.295648117379354
2000-07-31,13.17416698054717,-19.036355962874108,-12.243556996955927,20.949826305095804
2000-08-01,13.131076146603226,-19.2062820318571,-12.006449719127462,20.6061621116921
2000-08-02,11.583285102632283,-19.013046784880263,-12.2095372054591,19.06588983398223
2000-08-03,10.95047311430211,-19.545934077998368,-10.75724206970638,19.27972919436985
2000-08-04,10.115341937404676,-19.954816956100938,-10.00401956423983,18.83830175618328
2000-08-05,9.17044867681699,-18.62517201874074,-9.76220226231532,19.395094023636478
2000-08-06,8.855791319490304,-19.677602386741494,-8.98598919372294,19.019943457416737
2000-08-07,7.72089424498335,-19.803469833718964,-7.090494515548178,18.695405836835043
2000-08-08,9.356077696659886,-20.215428144565056,-7.494705485256869,18.634940370045722
2000-08-09,9.916425630513745,-20.830584873014235,-7.78484371837653,18.24462471418878
2000-08-10,7.949042924670806,-19.91413069845303,-7.853379573082724,17.67401476878772
2000-08-11,6.351995497711727,-19.039871398160198,-8.286018431417379,18.056491707552773
2000-08-12,5.098826204227244,-21.290789601601077,-8.098856829245314,17.42098859238164
2000-08-13,4.570599631422973,-20.26645633247074,-7.175636135969796,18.221393980740586
2000-08-14,4.7163630604713145,-18.906072366179366,-5.776697711602457,18.082154928491647
2000-08-15,4.731456795860428,-19.416614724019468,-4.9922921091813075,17.212063616079895
2000-08-16,5.007073400247438,-21.713712469323887,-3.496733065810046,18.765884477944784
2000-08-17,4.325792340039266,-22.586467982317643,-4.777826974387464,17.304496860210335
2000-08-18,4.59860925048276,-23.266292493849615,-4.952471955888439,16.885243467280958
2000-08-19,7.439870625940037,-23.172870028755117,-3.0717791773565803,17.10202672959769
2000-08-20,7.261230990460986,-22.481116787079642,-2.494002131791573,16.438395652812964
2000-08-21,9.302064318323264,-23.10119342775953,-1.877418843672325,15.759612530955152
2000-08-22,8.62554722272438,-23.436404574235976,-1.835564398882901,14.434192854047264
2000-08-23,8.24097166915759,-24.78700333145331,-1.938541189035183,14.707644279819252
2000-08-24,9.866756596506132,-25.33366134309957,-1.9697755900637857,17.07679988475619
2000-08-25,11.125886360579566,-26.314216617068983,-3.2348301052662407,16.374811963184385
2000-08-26,10.736847893908946,-25.71140381733714,-0.9544575525703385,16.509842274296833
2000-08-27,12.07767678799677,-26.3096708351974,0.15800731701857762,16.546290729565115
2000-08-28,12.410156183396047,-25.653124670359773,1.2370897902891431,15.783750529927811
2000-08-29,11.539815931829219,-25.137451804398353,0.9061564747980536,15.524284951484944
2000-08-30,10.610146214582928,-25.66648287668021,0.629968137865833,16.902290409324756
2000-08-31,12.020772788248875,-26.718086935689087,-0.1615112494608839,15.842888203997925
2000-09-01,12.65025969580165,-27.008244022571304,-0.45545924440380786,13.989851688279
2000-09-02,12.147547377416444,-27.61787818268308,-1.4859812424494745,14.485418074690495
2000-09-03,13.758974916168084,-27.834338930384543,-1.4704399165555113,16.31283759211381
2000-09-04,14.247778542744589,-27.61187531094545,-1.5157790204673747,16.389570444744013
2000-09-05,14.10165744675816,-28.646518545309277,-2.7469889740007023,15.166582314530485
2000-09-06,14.279198893914172,-28.90314582445337,-3.2517389297541768,15.503403181304547
2000-09-07,14.167177838313854,-30.564642006391686,-4.598457600568871,15.858388210269522
2000-09-08,14.192335521505573,-30.500482931935068,-2.98802150942134,14.826657915314263
2000-09-09,13.562054922038008,-29.073158767452888,-1.834551976436673,15.692247581715108
2000-09-10,13.23097038274025,-30.85185906180107,-1.2433460708597874,13.891536959414712
2000-09-11,14.963263040363149,-30.279329808027853,-2.40156076961678,13.568737771104612
2000-09-12,15.448318126182716,-31.031871160508132,-1.776328591094778,13.318380261808276
2000-09-13,13.255793700065736,-31.63460575821933,-1.7799675574771325,13.874100923261418
2000-09-14,14.523512283176686,-32.46601553344781,-0.9324204943762519,13.053034446444435
2000-09-15,13.627162030471501,-32.48499546618993,-2.1476048787187665,11.252611420924573
2000-09-16,13.60395377745273,-32.34970608077478,-2.101565022422214,11.595901591154934
2000-09-17,13.376744875970104,-31.42560951715676,-1.7961433228140078,11.479360312754629
2000-09-18,13.65236530479188,-31.450735017607435,-3.8324525613373273,9.139766992771206
2000-09-19,14.259612651247993,-30.347878841847955,-2.6930136359214987,9.883030573148512
2000-09-20,13.788459995423615,-29.803192951329894,-2.990817127191968,9.294979683169965
2000-09-21,12.809264265800175,-30.824140759137734,-2.365512812319438,8.999556102971
2000-09-22,13.059755201658163,-29.94545103079444,-3.256947224989619,10.002764597878425
2000-09-23,13.496140062443319,-30.041232149710098,-2.091708246446725,10.953751782099017
2000-09-24,12.263436542660001,-29.79016801108708,0.06239029324932144,10.843187412351538
2000-09-25,13.910127176442284,-30.05158943465746,-0.26249949271820944,10.933068672025124
2000-09-26,13.738349580130818,-30.851294440616183,0.37901782349451657,10.663532605438117
2000-09-27,13.5160540392476,-31.623815672725,1.512591351309184,11.83326934634684
2000-09-28,14.463234119159413,-33.03875880528449,2.553956991153769,14.182635550595817
2000-09-29,14.610735584895899,-31.87090719892867,4.122318745607598,14.407729621914225
2000-09-30,14.337270457995372,-32.56390665323041,5.205224333740136,14.810190747177826
2000-10-01,15.25652074598764,-32.87977781533386,6.294267860661496,15.596363962359847
2000-10-02,15.871400611078784,-32.21467612902073,7.204608290529168,15.883998023230308
2000-10-03,14.822963642586108,-33.5166816893395,7.136833735423965,16.491835924337394
2000-10-04,14.243875115175157,-32.92638908620036,7.292765064453931,17.029139739773907
2000-10-05,14.736597485344209,-32.233757585207606,7.995737690997785,15.55415993406704
2000-10-06,13.703669865929834,-33.75293211954393,8.80280261426635,15.416156422584585
2000-10-07,13.399694816690065,-34.99937891788763,8.8932821029872,17.17697784791095
2000-10-08,14.486298531930345,-33.61998501788333,9.624077888749113,17.91778293757514
2000-10-09,16.235280803670783,-31.9400345600362,8.928031920334583,17.77185798176653
2000-10-10,17.568790304359062,-33.46019259962849,9.019344499704737,16.741177729621235
2000-10-11,18.423918384398537,-32.83322803461375,9.217287199300465,17.048723034843004
2000-10-12,17.764641526925654,-32.41778435600788,10.375923674423005,18.447491760114154
2000-10-13,16.90352446018508,-32.71278792215116,11.914068518496174,17.0411517357572
2000-10-14,17.37742841232433,-33.11346519744389,11.384814687182088,15.743216463362375
2000-10-15,17.027343970449675,-33.11023942486317,11.76389309751955,15.857377171979723
2000-10-16,16.687616417484904,-34.91544757564247,12.56941352013034,16.99613851796613
2000-10-17,18.151269193407277,-35.772171908063335,11.748090132598575,17.679959234168408
2000-10-18,19.626099104659424,-35.65469096183161,11.989707056274286,18.11106250640832
2000-10-19,18.64695495451545,-35.184005522811574,12.490806384301546,17.699828716824804
2000-10-20,19.9703151165404,-33.721377361392626,12.355066907079703,18.447768303746027
2000-10-21,18.880831395737108,-33.11476235879618,11.641420831133754,18.18993053892014
2000-10-22,18.955327251357414,-32.17529652305382,11.544948722943234,19.973576430286656
2000-10-23,18.357000509919597,-31.97104668753171,11.42765054294356,21.352318049868853
2000-10-24,17.85132354192466,-31.37608910276244,11.709045172602032,21.07205926542496
2000-10-25,17.934214172220162,-32.2067596037808,11.531504588581067,21.082018302432154
2000-10-26,18.56528274020545,-31.948739836029777,11.605356064183505,19.88396373033519
2000-10-27,20.527090100069707,-30.64455268608841,12.254163858088075,19.084536408424757
2000-10-28,21.69823230429337,-30.735360974530973,11.778284420078268,19.542849894130953
2000-10-29,20.729694355869533,-29.99503316448876,11.999224259789585,20.958025071715912
2000-10-30,20.472956266938276,-30.442017816944087,12.207861846412346,21.4363555333574
2000-10-31,21.796827640329184,-31.30603359952297,11.563443268046983,22.489634476907774
2000-11-01,19.64590329906521,-30.124449386671223,12.154448442543192,22.67740426405638
2000-11-02,20.736760488681266,-30.763262228342796,12.091558640538997,24.042092640331262
2000-11-03,19.9791503727595,-31.50002738519351,11.981501117608037,24.12241546473733
2000-11-04,20.059395712656425,-30.29607771471923,12.495300411053867,23.80843663865055
2000-11-05,19.202041792448377,-29.45415348874706,14.57682374731909,23.27061374919513
2000-11-06,18.998562057440864,-30.300444414199053,14.553102316350087,22.414427339202504
2000-11-07,18.85913510227391,-31.24784100329328,16.54305219080335,20.520666074996587
2000-11-08,17.97639884867146,-31.88647312840206,18.503679939500643,20.03038351693442
2000-11-09,20.129798409476884,-31.541973357931408,20.02216240442672,20.146762466393668
2000-11-10,21.71393607732784,-31.856679648609937,22.152173072786276,20.851656350566003
2000-11-11,22.80275949796918,-31.075847934915267,21.15689146668357,21.698266789531047
2000-11-12,20.394078051350842,-31.777169835595743,20.816421339547905,20.299993484189812
2000-11-13,20.07380268106524,-32.38177339379393,19.762686574671854,19.15562519450744
2000-11-14,20.510425879206654,-33.09403735228488,19.485488865339995,20.52212982723348
2000-11-15,22.4264535664012,-33.56197116589823,17.752641665342733,20.515685207282694
2000-11-16,21.395092390868584,-33.240613656317116,16.974350927222922,20.32377453209053
2000-11-17,21.883130635300493,-32.639243157787384,18.643322049024807,20.436399716585452
2000-11-18,22.37931304940879,-33.18667762208392,18.853833242438764,20.597640653260193
2000-11-19,22.339396585548627,-32.746859491016515,19.874789725760422,20.006721154132986
2000-11-20,22.94410967499897,-33.43236510787532,19.900106492126767,20.369040775044894
2000-11-21,23.4513952074453,-33.45177322200815,18.91980299231344,19.35858039698337
2000-11-22,22.940626417065104,-32.2109199137715,19.27625407780337,20.917710182500343
2000-11-23,22.860131417981417,-31.406715246944355,19.159933005556322,20.691991049424267
2000-11-24,22.79580871640638,-29.935776761356454,20.86768588453226,20.768455731110073
2000-11-25,25.492129411753503,-30.612906533882025,19.60104687627473,18.92994305183839
2000-11-26,25.3195372562511,-31.22967639971163,22.192481500613155,20.2885936529199
2000-11-27,23.619467947827943,-33.00864121910637,22.912155568854175,19.80716307842698
2000-11-28,23.43063235995795,-33.40966656885414,20.923491850194907,18.564712118147654
2000-11-29,21.669048518635307,-33.96922988533288,20.956534203556824,19.10767942744428
2000-11-30,21.36657163389579,-33.35643421419317,22.000936549657848,19.634946386157743
2000-12-01,21.555424623591758,-33.3159777975838,18.381194608474747,20.28255082402346
2000-12-02,22.43007083835809,-33.56233964826877,19.037211860604035,19.846742101907232
2000-12-03,23.47591904400556,-34.43780616443835,18.019920325365966,20.252823840622533
2000-12-04,21.32722254547154,-33.477184026513626,18.313651685282093,18.933589291302997
2000-12-05,22.419890827711725,-34.98735486398925,16.88309019535982,17.202489570929366
2000-12-06,21.1105375442651,-35.832214934556454,16.583914781876672,17.260666397142806
2000-12-07,21.528850439115153,-34.39294201018271,17.058334769751287,15.682083344111755
2000-12-08,22.62522537291917,-34.30404143026741,16.511435218769577,15.113475127050476
2000-12-09,22.805367502256395,-34.88021691672074,14.264408342617301,14.611955542695565
2000-12-10,23.39418708339874,-36.026345046824765,12.612547208937663,15.044683655355907
2000-12-11,24.22587956067985,-35.44461795293899,14.268027549239044,15.783431694762335
2000-12-12,24.192556731762426,-34.4351226372774,14.735127944301505,15.769752682589393
2000-12-13,24.756567569601984,-36.07216846151804,14.697699830445304,16.42240248380637
2000-12-14,25.18720612933133,-35.31668094297541,14.23158535185442,15.995557566360526
2000-12-15,24.50270311159052,-36.47820394686441,15.642897490300864,16.56849584600735
2000-12-16,23.927427038814375,-37.174760293684315,16.907594203758595,15.80234534734055
2000-12-17,25.951911059753925,-37.936372420063584,17.832051740157937,16.312031727040573
2000-12-18,25.84758149476381,-40.07526683108613,18.55960020625959,15.808198494132949
2000-12-19,27.477294812377764,-41.21721373418461,18.68232338660458,16.343408651685206
2000-12-20,28.556303823085543,-41.27797874331281,17.357374022632893,16.40916159523902
2000-12-21,26.54642535602216,-41.92274600468419,16.051649616335826,14.980284593015652
2000-12-22,26.39409709358116,-42.08566790571184,15.224230094726481,16.156873780028242
2000-12-23,24.37472303774386,-42.93988018547786,15.609019536598051,14.156090591150907
2000-12-24,25.18946202294312,-43.77809291767394,14.245559952572137,12.60067242696854
2000-12-25,24.37463607263162,-42.819133873938476,14.915022162850429,12.740163687760601
2000-12-26,23.188350023012102,-42.746405441188045,15.072936357630446,13.792771855039536
2000-12-27,24.25324271166967,-42.73288900212586,13.180444288495126,13.394655838058126
2000-12-28,23.06413903671869,-42.7218266131062,12.184805659231582,12.812185293848854
2000-12-29,22.6360323484389,-43.016266985851296,12.59247068844905,13.375059199731972
2000-12-30,23.303727977003096,-42.974589384170734,11.189982770307305,12.39948296931973
2000-12-31,21.955803042072514,-44.722035438891695,11.361397300563834,13.790430067166215
2001-01-01,22.259154888944714,-44.334190185970336,11.723979230330153,13.043687906939287
2001-01-02,22.93711960243728,-45.305704773386196,12.599024499060537,11.788969679237075
2001-01-03,23.461097912957168,-44.12042875874999,12.926008059440848,11.774083045969611
2001-01-04,23.930126720765355,-45.44058669906993,12.18228702118749,13.198307913664692
2001-01-05,25.53113239761459,-44.8352784853994,13.319304111906852,12.59744482755097
2001-01-06,26.14421403000592,-47.139246522208275,12.349202282526159,12.526535685020441
2001-01-07,26.298339472828843,-47.00861668429261,12.556127388306308,13.291911528844722
2001-01-08,26.400013857818827,-45.20450162935785,13.290738470247963,12.862281144081948
2001-01-09,27.38031580482733,-45.698273015423474,12.647766687513258,13.858082947262245
2001-01-10,26.376274477872645,-45.448941296014574,11.68727856280787,12.567788339345933
2001-01-11,26.10661936716341,-45.63680717039598,11.883511567429348,11.789163674030352
2001-01-12,26.517991903207875,-46.39151272585304,12.422060060620462,11.153667662695247
2001-01-13,25.392958939142666,-46.60213404941903,12.588287498009722,12.041207955032421
2001-01-14,26.281993746523934,-45.77917229775471,10.280413337951897,11.612296576397137
2001-01-15,27.25885165335499,-46.141918681814964,8.172315089756005,11.216280719027578
2001-01-16,26.84673530694715,-45.43118705619975,9.259116711809101,11.00604448066882
2001-01-17,26.956900239336143,-45.25221520493529,10.520686189668151,10.594940086097631
2001-01-18,26.679266386092305,-46.019262537390794,10.299149904717558,10.727960934141642
2001-01-19,25.981859102470175,-46.77398744336273,9.544531878586408,11.696272851372727
2001-01-20,26.102737346374806,-47.74931216539039,9.38397175319055,13.412627211001451
2001-01-21,28.119019518659943,-46.99749900763457,8.443327226606542,14.169110275076418
2001-01-22,28.596235870906295,-47.69821289396001,7.354700071342494,14.219689655746445
2001-01-23,28.953059848583617,-47.70146918684439,6.176204495880238,15.067061260565165
2001-01-24,29.314613716838604,-47.26283226553448,6.4985741771224586,15.049021821196803
2001-01-25,31.047574354149,-47.06972787593544,6.470133399107512,15.496198797872667
2001-01-26,30.60054955371875,-45.180709223993944,6.618186129142422,15.993376822705242
2001-01-27,31.545727535372002,-44.70914068358995,7.944837105266568,16.102343246527035
2001-01-28,31.825303666997794,-45.1552376769175,8.885356859905823,17.556105476280187
2001-01-29,32.00518282197197,-44.70291032206002,8.2299049943634,17.960842369692745
2001-01-30,32.83835992940636,-45.91033878472414,8.518529571020295,18.342844015083962
2001-01-31,32.292314669785675,-43.91811242745906,6.5568250398200405,20.808178876140815
2001-02-01,31.439281107690608,-42.25953694386233,7.702432513865366,22.128948685636608
2001-02-02,31.215072158408766,-42.16638503708309,7.59704614600955,24.192192638333914
2001-02-03,31.256060891804026,-42.56028177556426,7.250317790861228,24.29495248101742
2001-02-04,31.297091957199992,-42.934316783384766,8.000108490702324,25.316544818500223
2001-02-05,34.3342804615506,-42.90605441284405,7.316805351228137,26.895619039159136
2001-02-06,34.885845765287826,-42.22465073560114,8.219176656976371,27.63975451166954
2001-02-07,34.32916437445303,-40.3991337762957,8.981136972254065,27.21270832805681
2001-02-08,35.70006258012175,-41.120294451033416,9.676065004653669,25.149207816560537
2001-02-09,34.19360926946864,-40.87857122525635,7.721167811044273,23.673023887609567
2001-02-10,35.495589494410275,-40.097430975960464,7.865536271276117,24.033396053581875
2001-02-11,36.231658281067546,-40.605969538438885,8.896541403865406,23.16342248147158
2001-02-12,37.02370401502036,-41.383446551045665,8.40616300330427,20.854680034876623
2001-02-13,38.128990149472436,-38.40796784148611,7.977976949866891,22.4435855968385
2001-02-14,39.75067038695694,-37.63068484789284,9.334027788928182,21.98960755840147
2001-02-15,38.53709229276139,-38.61930498106316,9.846358942525615,22.38879899782893
2001-02-16,39.31559174135546,-38.19637303559055,10.434956890783699,21.854508407512768
2001-02-17,39.168587869868674,-38.94816208932435,9.90817994633546,20.39005725946481
2001-02-18,39.48794413936311,-39.93943361765144,9.480233583827363,20.414637542556946
2001-02-19,39.47894738570527,-40.829327860829466,9.645575080095169,20.34299238248103
2001-02-20,39.85524601108261,-41.16954533102469,9.428049209293182,21.28219774063977
2001-02-21,40.36200730432225,-41.103701188969154,8.71024653851197,22.568604642563628
2001-02-22,41.53136019687356,-41.48803978154505,8.856061957257676,21.7147220398007
2001-02-23,40.78140495194575,-41.891644110616106,9.191719071423066,20.979874367771316
2001-02-24,40.820280339980776,-40.0195033663905,9.224178029010123,20.954512698388776
2001-02-25,39.44221446819413,-38.212387188333544,9.172776374975584,21.600637565934846
2001-02-26,39.524737348066324,-38.49443114092666,8.82167601240646,22.481371077197284
2001-02-27,38.70214657694213,-38.55636184884969,8.201044665514587,22.690460772515156
2001-02-28,40.13138491856782,-39.65296772279713,9.52110272753908,22.72839139463174
2001-03-01,40.922937941943005,-40.88447998651247,7.819389601604573,23.491335792830863
2001-03-02,41.11902541200168,-40.33687091645033,8.807754530855895,24.253694869814044
2001-03-03,41.685773414913065,-40.002889894109195,8.018285794821734,24.436561246017238
2001-03-04,41.05222142271638,-38.01359492555392,7.508362863378608,24.012637013249947
2001-03-05,40.567269117391334,-38.182463490245674,7.737265631588985,24.07795798761264
2001-03-06,41.79456372545586,-38.39657955775479,6.431753953232091,24.35306741095652
2001-03-07,42.570772970871374,-39.62134505668862,7.362784357213968,22.964786696572343
2001-03-08,42.88087535462029,-39.89784909243929,7.147863013135275,23.34997781608609
2001-03-09,43.80044677326788,-40.8489253356215,5.85669523205428,22.24922709019536
2001-03-10,42.71844758925081,-40.74639074489796,6.533915543971683,21.570195337618134
2001-03-11,42.72276793634916,-40.574755449728215,8.194456531094124,21.22112422446449
2001-03-12,42.37404745868883,-38.74979125687177,8.343555729334005,21.98542928204867
2001-03-13,40.16542732131746,-39.82233859480049,7.584463956207354,22.196912755360557
2001-03-14,40.49695072150844,-39.0437029476721,9.363780949752622,21.6893931432642
2001-03-15,40.40877205089871,-40.931290277735286,7.81974381726919,21.816815527879964
2001-03-16,38.992344228022915,-39.59587366823635,7.576850548477192,22.56117516500386
2001-03-17,39.76432287895044,-38.88589898991178,6.393005935581903,21.78410162239298
2001-03-18,38.8700285155496,-39.13698750383081,6.315537599656332,22.040643223286093
2001-03-19,38.38360435717845,-39.78585962667011,5.886614443950662,21.823591190443317
2001-03-20,39.029807409524274,-38.79487220557172,6.505757969066565,20.94394686242055
2001-03-21,39.600395384267706,-40.168919808247566,8.637787168799946,21.506416512693093
2001-03-22,40.09083057994383,-39.302690059711765,10.252755068545188,21.44798040379398
2001-03-23,41.15075467491585,-39.31884278653198,10.050973513568675,22.016335464720026
2001-03-24,41.21315846833467,-41.441063246244106,8.811664598076629,22.436984178573596
2001-03-25,40.69040883622543,-42.14467602833266,9.274469842503846,22.812840732255427
2001-03-26,39.28286710921542,-41.02447614450633,11.42435922598782,22.314128907951115
2001-03-27,40.54663285636511,-40.256723266408436,10.376115915333916,22.009356612487704
2001-03-28,40.663460382501725,-41.114391944523476,7.6630118663953315,21.36285305521511
2001-03-29,42.492973616969465,-42.696463138473966,10.769432324086008,19.756122020508624
2001-03-30,43.88404531263219,-42.92917813495456,11.082396156190072,21.548381111318296
2001-03-31,42.587370432227665,-44.20538909517517,9.812537329834152,21.543820284113753
2001-04-01,43.101065201174244,-43.69338543327889,7.855827154518976,21.455062055247108
2001-04-02,42.9414342588184,-43.865587512787855,9.329012775883065,23.259452625490233
2001-04-03,44.0783808888038,-43.0968102450519,9.839310764571788,23.925669762613616
2001-04-04,43.51377248108994,-43.04645885948663,8.798493135677944,22.735971802168702
2001-04-05,43.3080646138696,-43.5463895847835,9.63418032961683,21.402538016605025
2001-04-06,42.78334365914434,-46.09837133380512,9.268155167601746,19.37752429503879
2001-04-07,43.643417868599805,-46.216025325424084,8.577962376264393,20.770803555050282
2001-04-08,44.50241315542275,-46.51357555700846,7.139852926668553,21.071498812002222
2001-04-09,44.27488524214449,-45.57673639996569,9.21031553839584,21.3515452984795
2001-04-10,43.708896391023906,-46.81493560239398,9.3289531361005,20.87557977474227
2001-04-11,43.180889588595264,-45.053560725091145,10.297415856785609,20.747382114880043
2001-04-12,43.79630910763192,-43.85289553098305,9.686421292842068,22.354742511981147
2001-04-13,44.20402631967878,-45.38865962028236,8.661066707780325,22.0577183361102
2001-04-14,45.0015564923249,-44.21066738607011,8.036300279750316,20.91426127180185
2001-04-15,46.4523286246344,-44.05801416246397,6.5915734947256315,20.428597884663798
2001-04-16,46.916987972359514,-45.08308895624898,4.980429590811097,21.949543825464055
2001-04-17,46.562009029983656,-44.80181017750158,4.043663609500217,22.507163788194575
2001-04-18,47.205271931940366,-42.646580118687,3.6456635459176843,20.61121575178022
2001-04-19,47.057966545559474,-44.176078929131954,2.8142558769042947,20.78303647214369
2001-04-20,48.6328420725119,-43.87086236225409,3.2380036450780567,20.60587071804514
2001-04-21,48.81272390204998,-43.28355982846428,5.042416965989174,20.463065892938392
2001-04-22,48.38283846078003,-43.48255942873391,4.924342932953008,21.19817590810954
2001-04-23,46.7213125663789,-41.85003867219586,4.926784917385974,20.60116016019378
2001-04-24,47.97070857736878,-41.38948488443667,5.249115765354904,20.76590797079751
2001-04-25,47.98097122679148,-40.31284700235414,4.269542574159624,19.790143557913414
2001-04-26,47.02965504493604,-40.56217688962088,2.356177897533162,18.871043869822277
2001-04-27,48.64946727730791,-41.39962358126719,2.481770943084367,16.116943847369125
2001-04-28,49.76164717210885,-40.48914039361254,4.236391204276407,15.665681586383277
2001-04-29,49.90541232633907,-38.97196782572097,4.612161015964169,17.109830797777093
2001-04-30,50.048728882051186,-39.44561567795426,4.133276118026937,15.370268098744582
2001-05-01,50.54592046696408,-39.203728685429006,4.06941238388916,14.09288555100289
2001-05-02,50.74479092241149,-39.02456245702893,4.144253040628148,14.946441529262795
2001-05-03,51.9283751566956,-37.706295451807335,3.5235208992246667,15.540846225907458
2001-05-04,52.25999282397886,-36.36491986698916,4.793097552038912,16.73425407357354
2001-05-05,53.13277605121701,-35.438752260163,5.016875368206457,17.378359314937093
2001-05-06,52.70563613451123,-35.51861839841727,5.866746902386909,18.03794625002627
2001-05-07,51.770805231107595,-34.58090892211201,5.4602470478497,17.311058222047784
2001-05-08,51.33356300908112,-35.3389627174928,5.279936756679546,15.955621635525356
2001-05-09,52.74424412908239,-36.05297472181727,5.594316604140539,15.836068187667346
2001-05-10,51.88838459944743,-37.57786252662645,5.61398033352219,15.8948733382539
2001-05-11,52.20152701270802,-35.55903224308159,5.007456784639464,16.256320706609777
2001-05-12,51.87127597417354,-34.47353901024757,4.97199738813389,16.111607113439547
2001-05-13,54.828009446211745,-33.34049550985848,3.921185656717013,16.999229060510242
2001-05-14,56.056611800492924,-33.29627369467752,2.6723022643188603,17.167163023384276
2001-05-15,56.20882031773055,-33.37600384720956,1.8007704052480447,16.371654131212637
2001-05-16,55.602538378248234,-34.150101945816075,1.1078055672177725,15.467470577574506
2001-05-17,55.928128268035664,-32.46046282359383,2.760655649199342,16.798093359791597
2001-05-18,55.95409949844355,-32.424386625419665,1.6046888785426185,17.559281006948506
2001-05-19,55.9528537594194,-31.694869943435858,1.5705677155728286,17.220953732709347
2001-05-20,57.85971867266152,-33.44540679015718,1.814851194475862,16.747482607252795
2001-05-21,59.96852230558963,-33.60411778494207,1.435327874675086,16.951717044608813
2001-05-22,59.9300664542223,-32.124167895411674,1.6202300215985552,17.57622076222049
2001-05-23,59.85677537542932,-32.783284214007935,2.6131772417590016,18.296004043527315
2001-05-24,58.23638919248563,-32.00940957698986,2.523423282155069,18.29115017728457
2001-05-25,57.26418194448034,-30.495648714448716,1.6812810687763893,17.545175000299256
2001-05-26,58.315798398555856,-28.251068035696377,0.6692855366559503,17.185140398011903
2001-05-27,57.47185794370514,-28.36647690666468,1.5386401240791696,16.806868878060147
2001-05-28,56.43078164247872,-28.79672627189875,2.1421132431648697,17.779311078543856
2001-05-29,55.562689284768396,-30.136179107641787,2.594397574163965,18.924001326623944
2001-05-30,56.409316118233896,-29.803951729872125,2.0634131187176794,18.261816190436477
2001-05-31,56.70294827259281,-26.87099909907811,2.5529809543013187,18.65158677197997
2001-06-01,55.97387423655117,-25.358266494953472,1.7655670207369627,18.58083897485538
2001-06-02,54.410402286547075,-25.838450174891882,1.4921382155561842,18.41059218816637
2001-06-03,55.4830774745894,-25.77130974319794,1.0156642107868568,18.157625566376577
2001-06-04,53.34723920435364,-24.155310449308896,2.478449201340258,18.43606292466848
2001-06-05,53.98027470143385,-23.059408529825077,2.951621022115169,17.888945090175397
2001-06-06,54.82846538051624,-22.7763667273497,3.6491907718598853,17.25674984133298
2001-06-07,54.90454615134559,-23.366082379498394,4.483442848391722,15.260882070089163
2001-06-08,53.78911864986708,-24.53239116530396,5.272150349152892,14.326818105377068
2001-06-09,52.88105554141087,-24.20336065245476,4.6229224415402985,13.748943611174049
2001-06-10,53.016175281720194,-23.868601070695192,4.928320498584207,13.349621458401066
2001-06-11,53.42420045956497,-22.500110632251126,5.232225612535592,13.414332535373093
2001-06-12,52.413187699456046,-25.50579348449776,4.346868497695232,12.552902405407783
2001-06-13,54.148137005576,-25.28923145502813,3.490833270492085,12.872948088747556
2001-06-14,54.96424766989273,-25.38435062680562,4.228682804471997,14.911431467207606
2001-06-15,55.780645753913056,-26.003673087423977,3.042795593087583,13.75800880287182
2001-06-16,56.97309311830365,-26.282006515319058,2.7390320414816953,13.025691446565897
2001-06-17,57.58305988751567,-26.8181320406242,4.00816259065705,11.136100355978275
2001-06-18,59.9572121379299,-26.367820122345627,3.8914330340808467,11.674625132468353
2001-06-19,60.199229627978845,-27.299320880436426,3.1455135267408183,10.128771323260125
2001-06-20,59.1400148268953,-26.823572844080402,2.410800947066083,9.917896644181582
2001-06-21,58.25235383792415,-27.45984256942823,0.9711374741827916,7.832929504513414
2001-06-22,58.03346889643998,-28.20283213432777,-0.7334428778194377,7.9588942345779
2001-06-23,59.12803119490434,-27.258003705195023,-0.39115535037551136,8.138383622642586
2001-06-24,60.666124318255136,-27.09488848818637,-0.3304575171928184,8.22820621915503
2001-06-25,59.63086517654079,-25.761403412509754,-0.7889321541137169,7.4496080818928485
2001-06-26,60.50092340686575,-24.094972795581114,-0.8258183177727835,6.643554103611838
2001-06-27,60.316822569283715,-23.320166304467268,-2.3870019226650596,7.460798378719512
2001-06-28,60.5509637394496,-20.86082073450782,-2.3930450861671875,7.600911998647635
2001-06-29,58.54448124338854,-20.957601135282875,-2.8258305764548175,8.793835991613282
2001-06-30,58.65222296830111,-20.28050372639422,-1.9316188112120827,9.375300589300913
2001-07-01,58.52178727004355,-18.84211516167182,-0.9352218450837433,9.700081506166272
2001-07-02,58.41826080203037,-18.819303772414496,-2.2542201473963317,9.81554957183187
2001-07-03,59.23507269141609,-18.7600085634625,-2.816440835661595,10.323348626585762
2001-07-04,60.48526134899771,-18.50325371210299,-0.24460344704657633,10.318024499715357
2001-07-05,60.234221582692804,-19.16930805724964,1.0174391639272622,9.956841007007219
2001-07-06,59.27159851301753,-17.81795494801868,0.28400696186861996,12.171992833382323
2001-07-07,57.54150955714392,-18.95820552507708,0.5060543992130819,14.1774374901826
2001-07-08,56.96038296205986,-17.121830457974113,0.24909756836746144,13.393013983132128
2001-07-09,56.334192263343965,-18.352159316306587,-0.44751001603905305,16.00715632697353
2001-07-10,56.42872437535674,-16.523916721104953,-0.5291610421886181,17.81325054540986
2001-07-11,57.36362816932855,-16.4268285125937,0.9152099605570048,17.505169974216475
2001-07-12,58.83763338210582,-16.33448134224703,-0.07019586874480066,15.094612988106036
2001-07-13,60.401361995800556,-18.02452869718365,2.305026187615001,16.4223312202436
2001-07-14,60.78189859500091,-17.50291551322864,3.4715830684724605,17.52113489680215
2001-07-15,58.218512787241906,-17.949954947416785,4.068470704989642,16.568346629684378
2001-07-16,58.24924155580631,-19.27223295428315,4.122343379857805,16.448437399748617
2001-07-17,58.793671736921446,-16.5781019226324,3.5063670225779826,16.74136952641062
2001-07-18,60.10099035475853,-15.851658222689824,3.125231807686803,16.822849953150627
2001-07-19,59.25525411492258,-15.813027985855058,3.508968143837188,15.93221523665361
2001-07-20,60.299442596047825,-14.12454537268187,1.8279972006257987,15.047560821689421
2001-07-21,58.660075989712865,-15.039648682334017,1.0420907993866007,13.693855016274721
2001-07-22,59.729807012133556,-15.943634451543591,1.4412047910590131,14.672385809832601
2001-07-23,60.19039297636793,-17.45075782245354,0.7010455217673949,13.916799160942231
2001-07-24,60.414015505544434,-18.629603168672947,-0.16887198686090898,13.766993186978704
2001-07-25,61.282651420755506,-18.787136792951298,-0.6334374886007474,11.149985845498728
2001-07-26,61.09059593860562,-18.346732586503478,-1.7818768547995603,11.39543250169808
2001-07-27,61.15663882999758,-18.077029247147788,-2.864372425243923,10.908828667301817
2001-07-28,61.39014994186655,-17.91095735341834,-2.481069310492503,11.011439514061369
2001-07-29,62.685787729110714,-17.95775937206351,-1.646037671417505,10.667119342867007
2001-07-30,61.91881097601558,-15.308704391548982,-2.2846434053102125,10.069456094191969
2001-07-31,62.2439803121186,-15.479682820074807,-0.6042653668007303,10.6072212606434
2001-08-01,62.526344080255825,-15.995149662946716,0.16804629083366351,11.278154962113321
2001-08-02,63.271760402344334,-15.295632020652933,-0.5771902086684094,12.105151851806262
2001-08-03,64.23465345139336,-16.90447435305012,0.8462755438098634,10.803197184571154
2001-08-04,64.56598859768249,-17.935306230030463,1.3689013203476406,10.95521596758205
2001-08-05,64.29307089888425,-17.800878249812,1.3916099654764178,9.330198319493263
2001-08-06,64.72941638755832,-17.488082536588223,0.516565899004029,10.058855250389291
2001-08-07,64.88843530634465,-19.032395197269047,1.4537207485174795,9.646514375425678
2001-08-08,62.73562847322587,-18.015067198512533,0.39905738929174084,9.813195962671946
2001-08-09,63.63759564720021,-17.22892869676362,1.345982991594942,10.751666762300392
2001-08-10,63.47210170414582,-17.93307900432252,-0.3652797466986848,10.139069386166012
2001-08-11,62.43193560496337,-16.785030445508983,-0.3595417390115881,10.094303015186634
2001-08-12,61.15834236931621,-16.85126175687409,-0.2777247480306393,7.941672532689918
2001-08-13,61.10078678000407,-16.77996112670672,-0.5068610308171329,8.260371706355818
2001-08-14,61.78184381323062,-16.623661480261095,-0.5250131191777128,7.403502712835
2001-08-15,61.91070067756706,-17.807775179917172,-1.97258003437803,5.830624945493189
2001-08-16,60.96759692052991,-18.323799756173266,-0.9661901507274682,4.405074541474953
2001-08-17,61.67992046084967,-19.436291611847604,-1.0186454235091864,4.526425339500383
2001-08-18,61.39656146778925,-20.359544952424887,-0.04457408909748706,6.664434443855635
2001-08-19,61.105964264145136,-20.08968930706107,2.349756556664369,7.072650596792344
2001-08-20,59.64055284596515,-19.885322353898047,3.0816897627952162,7.034326960377708
2001-08-21,61.24197333243841,-19.954465657440107,3.56367959897417,7.800610817344381
2001-08-22,63.62117943052115,-19.078982403673148,2.5537351243499873,8.048013560760694
2001-08-23,62.97554722238375,-19.569955701974227,3.24452451514962,9.447620629093372
2001-08-24,62.079784177058045,-18.69026492559545,2.357512542985708,10.07296157095977
2001-08-25,61.33026865522273,-19.42282039034558,2.7792729227947657,9.028969953265795
2001-08-26,61.229058696030954,-17.90015986616095,3.5832269929237026,8.734947982299511
2001-08-27,60.25696382675353,-16.339964948304385,3.4533363641955814,8.349672951512186
2001-08-28,60.13692191064734,-16.09441176235883,3.7377439858740367,8.059187148359358
2001-08-29,60.92874339302931,-15.445172293825719,2.746365193338321,9.14838671070055
2001-08-30,61.20512720867276,-15.47279488927793,2.3507867487631016,10.131253285785345
2001-08-31,59.9657665248898,-15.27361558540704,0.5300875798633395,12.187740252074581
2001-09-01,60.50690825731008,-16.10195678096106,1.211411268889186,12.49187388485852
2001-09-02,60.66749120261408,-16.382064998464397,2.264563568488711,12.022170473851
2001-09-03,61.00999299720142,-17.36183397715213,2.585865604468196,13.974179650836788
2001-09-04,60.69942045767919,-16.521682146803645,2.5250921328818587,13.187209533589215
2001-09-05,60.31949495325295,-16.236627137158727,1.8452770000348275,13.249023820137236
2001-09-06,60.57405628334136,-15.791679505964108,1.8214229531601562,12.883373480103563
2001-09-07,62.8686683578667,-15.359552326157623,2.0006472792376897,14.062816657739607
2001-09-08,60.91542614224517,-13.63189298190248,2.316979292776443,13.705977546914765
2001-09-09,60.898755027076305,-14.504718709937054,3.05350771518909,13.537561706299519
2001-09-10,60.54754887406551,-14.492041816057304,3.9734714782597704,15.279503324619006
2001-09-11,61.78895641086989,-12.754919988460731,3.156581608621265,15.196449426857974
2001-09-12,63.11101501121452,-11.635600469292404,3.5872996996495026,16.17419729570291
2001-09-13,62.86009602047024,-10.243990955589863,2.9448602448778414,16.5405443760199
2001-09-14,62.48388806454494,-10.782889796455414,1.650801232234575,15.820924095192439
2001-09-15,62.630028760869095,-10.24765591374902,2.028357209951497,15.474582048180471
2001-09-16,61.42897129884725,-10.261331319451674,3.08230283487437,15.518634560664143
2001-09-17,60.16734891592449,-10.452572518232687,3.2266478667673253,15.560290485133558
2001-09-18,60.78724957609438,-9.82905075372375,2.6674834489525443,16.154262716496063
2001-09-19,60.78458046878792,-8.744604925371119,1.4902496616175378,16.94379208067354
2001-09-20,61.897769907503225,-8.672258018194563,1.7710106216684676,16.890618825551844
2001-09-21,62.36825644560477,-9.279646874869883,3.637216817870712,19.023181656652387
2001-09-22,61.98163506657438,-7.42996410561564,2.433691608015235,18.612940279875914
2001-09-23,61.626880002618954,-8.329982366955438,2.626527293596007,18.46706516645032
2001-09-24,62.90727242568424,-8.028604211549814,3.1037209234836025,18.692226595638527
2001-09-25,61.396813631654126,-7.882165357527249,4.030685719547495,18.76232012388271
2001-09-26,60.05481131221044,-7.376941382734827,4.013661904713074,20.108696976170645
2001-09-27,60.326412852241624,-8.11168805257918,3.5873237003259213,19.940106633589718
2001-09-28,61.01465473019378,-8.073838777904603,3.8456418702738624,19.52406626200124
2001-09-29,61.08864531470345,-7.01405101116114,4.000125114213812,19.42166968369845
2001-09-30,60.98451712827907,-7.0119944830819465,4.524447698698948,18.763393235289932
2001-10-01,59.43243307506146,-8.343157996234101,4.5978381200754725,17.589178249982528
2001-10-02,59.13437878972391,-8.390639405483762,5.599194450293733,18.689902012262188
2001-10-03,59.297799693651015,-9.025752961060064,4.0271509958123515,18.448515750403715
2001-10-04,58.549865615433795,-7.484766928463172,1.3935053939389803,18.204783626279703
2001-10-05,58.723168986684435,-7.14831825906385,1.5589997403370157,18.1349814022461
2001-10-06,58.58520020036821,-7.846021600716372,2.1705858266843157,17.74648446664898
2001-10-07,57.307261489064814,-6.777830208398621,3.0292587546735845,19.022754598407445
2001-10-08,57.32365341561356,-6.647763753877498,1.5730591846850193,19.559570742303197
2001-10-09,58.81142314643377,-4.70070584989441,1.356631434446317,20.184779514866552
2001-10-10,59.3807216762471,-3.96568942371508,0.6214894495816796,19.91223455312106
2001-10-11,59.786795205834004,-4.0435149264929535,0.5114294649652044,21.352990355004266
2001-10-12,58.629095985570274,-5.061205821982347,0.7391420634995731,21.939533366145955
2001-10-13,59.49750091726176,-6.142822371690475,0.1962110932808825,21.7059845100936
2001-10-14,59.64235959965261,-5.819780647809718,1.097473667125716,21.551849778242417
2001-10-15,60.006974928428946,-5.180381510580178,2.5616761087473,23.380557436916806
2001-10-16,62.33023567390391,-2.5724685686065754,2.533869673767191,23.190488085365512
2001-10-17,61.74763472706735,-3.316707432875436,2.839883874286561,23.580521321182868
2001-10-18,61.09841833835015,-3.129604777690225,1.4898366985628566,24.465485989320275
2001-10-19,60.85084632846884,-3.0046859261124856,1.865306727436301,25.795245847580762
2001-10-20,60.18352110045966,-4.627953512810327,0.2347477510285234,24.54831903214911
2001-10-21,61.56130925509427,-6.391270319509024,1.7052986861507493,24.860862414824638
2001-10-22,62.2164334328101,-5.694746614241639,1.9363376192019521,24.043856442590336
2001-10-23,62.18426435263896,-4.9769313657545755,2.7909761574057788,24.673727854240326
2001-10-24,63.298979461513674,-4.574883352785195,2.7673339422287127,24.101848005020972
2001-10-25,62.638842203221635,-3.414141487286453,1.4637189835062032,24.609813830596888
2001-10-26,62.68567170814771,-4.7873054499362855,2.1569810206385447,24.270845275247147
2001-10-27,63.656319277321934,-4.0154163019279965,2.8302213693286573,24.14317467652398
2001-10-28,63.977782544521794,-3.5166736086133117,3.832190443733323,22.997910216129856
2001-10-29,62.13073674665379,-2.8088754616375224,3.7081559406234126,24.282429227146423
2001-10-30,62.528118816061436,-3.1649085313021716,4.209902381695217,24.293227138132117
2001-10-31,63.007022961655295,-2.5584372280582977,4.364836974200185,24.280641509743308
2001-11-01,62.87344393770478,-4.059252020873724,3.993135770255626,24.84394923923203
2001-11-02,63.799238473461514,-4.217031034533665,5.008997480189702,25.708445038909293
2001-11-03,62.986109238995674,-6.03413730717314,3.6050900263740697,26.174003295858753
2001-11-04,63.99644087354033,-6.071232113580067,4.179815292650077,25.425736391090037
2001-11-05,65.44186446343276,-6.31295716027102,5.735803777444669,24.75088459705867
2001-11-06,64.79084935212573,-6.131285501688185,6.006830192115724,24.770399073815764
2001-11-07,63.765411137956036,-5.83859045345497,6.73092199584163,24.80067027008578
2001-11-08,63.921884441739614,-4.803564550256725,5.863899553906805,24.689769685680137
2001-11-09,62.14979680463712,-6.993551379867686,4.943225345072844,26.916782923834642
2001-11-10,63.61134311789726,-7.140477489736102,3.336900265160179,26.066822161234768
2001-11-11,62.98689235380924,-6.39021340624873,4.5077117660717025,27.509223472504416
2001-11-12,66.05045797306967,-8.784712333628438,5.4858936098973885,27.200007227481358
2001-11-13,64.11400488867953,-7.774759126111535,3.788619680675578,27.844994782786195
2001-11-14,64.84527451782249,-8.043825294279072,1.878671022039726,26.28962378057949
2001-11-15,63.70298095136263,-8.15082955384342,0.8579935585001739,28.72128770551139
2001-11-16,65.07152116505507,-8.545122414107778,-0.9217925764255794,27.812531267981917
2001-11-17,64.89058073081019,-10.404724954824607,-0.8624781751149637,27.672554933757233
2001-11-18,65.0467000309499,-10.230397980983822,-3.195125520248008,26.463659278677284
2001-11-19,64.02565036496573,-9.725603595880035,-3.3700362842599545,28.81596175939113
2001-11-20,63.34594167605191,-9.860326257310467,-2.3467418039419714,26.857579156113736
2001-11-21,62.80525112620323,-10.186956338752026,-2.916736739815341,25.933531918888615
2001-11-22,63.80900348795582,-11.6739053995301,-4.691374152311539,26.874860553198353
2001-11-23,63.185056479431026,-11.325371577139961,-5.165689181856292,26.636913593423213
2001-11-24,63.530048348387616,-12.17198436214848,-5.713255258259541,25.40815197659268
2001-11-25,63.07174966075882,-9.805677912454254,-4.583258323042307,25.49682288015806
2001-11-26,64.35542463081256,-11.082638026361996,-2.0974681845523757,25.940662095470092
2001-11-27,63.44195909534541,-11.873391242554614,0.006324229106883461,25.301062353014714
2001-11-28,63.59431123655727,-11.06604212148435,2.192706979189678,24.65993863049626
2001-11-29,62.4720559102791,-11.243815982615729,2.959343603055786,25.605963728288987
2001-11-30,61.14174775994826,-10.121654749233144,4.539286489605775,26.57816989844689
2001-12-01,61.55438988548548,-9.863411854753998,5.850405097033339,26.484064287755842
2001-12-02,60.06485584256859,-10.804602195520182,6.823950118381904,25.623584798567425
2001-12-03,60.434696128649946,-10.533372261574616,7.948506231357719,24.123420594145273
2001-12-04,59.5372215395843,-10.879859855056335,8.465722076889392,23.31259016257711
2001-12-05,60.2319097311318,-10.859530076872973,7.452286068466728,22.548118128853698
2001-12-06,60.40394519635423,-9.726758360348818,7.389229458626673,24.045691131074946
2001-12-07,61.58474057712505,-9.965678558114874,8.694830537666066,23.41111013993927
2001-12-08,60.89448836257221,-10.011126186076336,9.170873507359014,21.589309059571896
2001-12-09,61.56512474179805,-11.179691061871685,11.25058797971147,20.840759970478004
2001-12-10,63.1773351468322,-10.530856695618091,9.60451971603081,21.07666301987376
2001-12-11,63.860095103783564,-10.009330985383302,10.69351416089796,22.23487187912758
2001-12-12,62.29032265168961,-9.987130476966433,10.677474407317943,24.102822267910295
2001-12-13,62.606291538232945,-11.893190790051426,11.766592660536602,22.04156563087796
2001-12-14,65.4091139500994,-12.599909679857682,11.331498834252152,21.577056173264705
2001-12-15,63.26582985681752,-14.439568812765865,11.683957532004122,22.566493179113
2001-12-16,64.10200895680461,-14.266272599178656,9.656266627165074,21.710937547106617
2001-12-17,63.989113098078604,-12.276631044168298,7.703331201371236,24.466989465056727
2001-12-18,63.31752595506804,-12.83277671430019,8.00089827214724,24.954172701096596
2001-12-19,65.89021684863361,-13.790369606625712,7.874002585995196,26.094346184957008
2001-12-20,65.79876773720223,-12.369857552487254,8.824138317574528,26.13687745122423
2001-12-21,64.75038506065344,-13.378652378996943,8.028169503156388,27.197910392717297
2001-12-22,63.87118107573565,-10.94732304658801,8.095499840796617,26.33172483156791
2001-12-23,65.03272752399279,-10.704426437871513,8.646957647608593,26.308590602975823
2001-12-24,65.41937869688398,-11.189739625733234,7.647618008541073,26.588652732064556
2001-12-25,65.68806901357986,-10.327087961485788,7.741445039458632,26.390860293736754
2001-12-26,64.93915807050381,-10.74379644743168,8.18598460259515,26.742114243052548
2001-12-27,64.3212078897105,-12.275992593668878,9.538705536830898,25.277170871567282
2001-12-28,65.7842026873101,-12.10443464772851,8.0852247543652,23.82955695322189
2001-12-29,66.15532747671452,-10.411172069663705,6.394447230022433,24.609131242375838
2001-12-30,67.14997246508716,-10.07663284841358,5.465217207140091,24.067502471779417
2001-12-31,66.31157085223833,-9.604614616670546,4.344562772976488,24.072072237675233
2002-01-01,66.91207926402019,-9.812847243711394,4.593364890227089,25.80342406870372
2002-01-02,66.82114826954033,-11.240785265087455,3.451806174477926,26.40716448827966
2002-01-03,66.71044525869408,-12.28080074409386,3.4350054974199966,26.186357131218724
2002-01-04,66.40511321745986,-11.147943993632108,2.8026805218018898,25.18677274517752
2002-01-05,65.22923052494238,-11.650100098782646,1.6398807972712917,27.033329449140595
2002-01-06,65.57661755150792,-12.607489070348898,1.8740441815748667,26.627074006104944
2002-01-07,66.40204135236144,-13.946921379421054,2.717399618460465,27.481328658197608
2002-01-08,67.45425724319576,-16.241466884180927,2.9855656413186415,26.079538833239393
2002-01-09,66.73921653332788,-16.471619857470213,2.7027532675909836,25.68902353878268
2002-01-10,67.24665257766685,-16.489905512666162,2.36098156051885,27.204104427257292
2002-01-11,66.12004665801722,-15.64266354948301,0.8768538755501232,30.06980187348896
2002-01-12,65.93856677437086,-15.129595907622807,0.7363563020204825,31.198574033654833
2002-01-13,65.83721837201409,-15.907295519872212,1.240311222467669,32.67113154882994
2002-01-14,66.6326955895486,-17.09203819324791,1.907757683523246,31.538199285114512
2002-01-15,66.49092381931317,-15.875945706451912,1.9520396961334572,29.060337230890255
2002-01-16,65.82910853313686,-16.5595767275224,0.37988100742147646,28.033799666519545
2002-01-17,63.95176690236448,-16.697837946870788,2.040551308506953,28.466694503547046
2002-01-18,65.50233501473768,-16.001268748173832,1.8060491061348911,29.971806794558304
2002-01-19,65.07855235437738,-14.75040555456482,1.9810012326347717,31.0361509171088
2002-01-20,64.99427854329436,-14.639351180923795,1.8016999353844751,29.462842285168918
2002-01-21,65.05398171453602,-14.692300555744138,1.3227152296008309,30.4906134086854
2002-01-22,65.35280692897149,-14.619990563978707,2.464258469050839,30.82989565727384
2002-01-23,64.22947269485931,-13.263157021367482,3.8075137987977774,31.629529975258922
2002-01-24,64.2735397904173,-13.53950139335559,3.612097604752364,30.78237594077582
2002-01-25,66.01450907260616,-17.290078617844994,4.420843545215131,32.60561990024439
2002-01-26,67.34184110577971,-17.838246786328064,4.180901202016633,33.20392213693019
2002-01-27,68.59000443575,-17.943867653829322,3.795934732664963,33.59261322040367
2002-01-28,66.33471012530293,-18.16683246489262,3.6160366386659515,33.30863982352004
2002-01-29,67.79196839842675,-19.501141094698962,5.396829784311548,36.13534764799512
2002-01-30,67.83825178622457,-18.347327355307595,5.413853967635268,36.68038183630803
2002-01-31,68.1435847225824,-18.86028135414733,5.294377074314573,37.084816719530366
2002-02-01,68.65704341727947,-20.04223032368719,4.713114431735475,36.3298677857606
2002-02-02,67.36486704427618,-19.88800120577596,5.282594419621136,35.75802597580936
2002-02-03,67.21883146173626,-21.61021811597987,4.72604060684201,35.4377425919199
2002-02-04,69.0963482574118,-22.822496926604625,4.530825597330643,35.60695958876172
2002-02-05,69.26953380283787,-24.749618879542542,6.626658667299591,36.491112822025904
2002-02-06,70.95961784383391,-24.27305611376573,8.084029744685196,34.81575310314319
2002-02-07,70.87571786971857,-25.119532185440498,6.858129723439103,34.45713573058914
2002-02-08,71.51773682359857,-24.964376868604244,8.02120061297168,35.19942559049964
2002-02-09,70.75262268637921,-24.386512714428708,7.055755587734564,33.87826064685686
2002-02-10,71.51386062440113,-24.708713845058195,7.66276363975521,33.939461091239224
2002-02-11,73.5838304076211,-24.82480235619764,6.411964527503901,33.5930655461435
2002-02-12,73.47461302254703,-25.230083884753906,6.732640067039638,33.863395415893635
2002-02-13,72.40016415632786,-25.353034990228725,6.706109120985525,33.50585678034214
2002-02-14,72.26704026277643,-26.118729472346473,4.88213391451669,35.235207871823775
2002-02-15,73.01603011761789,-26.97136753214393,6.481375711916522,35.14313067575481
2002-02-16,74.73665749825221,-28.805854097245486,5.907157662945991,33.919757599148554
2002-02-17,74.34771519791884,-28.150331421930524,5.895575583203067,33.93954564462978
2002-02-18,73.89423426309035,-29.08632999294381,2.8178669356214368,33.65708932284253
2002-02-19,73.43805290304583,-29.603850320176186,4.397275128192039,32.96689941060239
2002-02-20,73.36748388793856,-30.782153750629192,4.269272766324171,31.99913465958501
2002-02-21,70.89729960311811,-32.39949282923657,4.739376864219777,31.86199267602457
2002-02-22,70.88654053966127,-32.6581407764953,5.3624438851176945,32.86545106195989
2002-02-23,70.46501934708624,-31.78537295112256,6.168721759216289,32.54698943706032
2002-02-24,70.23585545848086,-30.9875147367611,6.3282312169068105,32.340086683042756
2002-02-25,70.72504327064425,-31.449077759071397,4.5190494426654775,32.80514215871653
2002-02-26,70.98104441392242,-31.450558050295914,3.7237685954192496,34.196695160021456
2002-02-27,71.59663302482237,-31.33982841606999,5.625405449870174,35.600505550210414
2002-02-28,71.68267846024396,-32.70865119313205,6.288994929860499,35.06617189548961
2002-03-01,74.2296050454131,-34.786476286931524,5.901683298985754,34.52065865740761
2002-03-02,74.23772980691197,-34.53864369958603,4.299789405617733,32.758572314738224
2002-03-03,75.53809205912005,-35.028822151824286,5.005399614351629,32.93446621478388
2002-03-04,73.77259292201188,-35.14069283475936,5.398869088882715,30.595831103464548
2002-03-05,73.32314123783407,-37.575509124195534,4.666819891217735,29.602283192347883
2002-03-06,73.17058628294133,-40.483470548588116,6.11521011282262,29.481044373262407
2002-03-07,72.36632678154987,-42.15539464722773,6.542413670624437,31.088796268779678
2002-03-08,71.74015212898011,-42.41800982639873,5.338956944673848,31.380413671417383
2002-03-09,72.91611477808745,-41.63724076123099,5.3693332190288965,32.30928261243841
2002-03-10,72.68601846772997,-41.3224957245443,6.748480045871537,32.47377509420985
2002-03-11,71.12801844686967,-41.0301251148678,7.855399514933989,32.116119147773865
2002-03-12,71.3556997618115,-43.31766519672769,7.779826508329323,33.16966471430205
2002-03-13,72.61276641043067,-42.95431704336749,7.083294944889724,33.20781946708958
2002-03-14,72.44211140397911,-43.24068025837691,6.8350270864491485,32.11385156936481
2002-03-15,72.94852876790075,-44.768687139509254,6.680698489088352,30.79681171047946
2002-03-16,73.956787560486,-44.55652411803547,7.144377867563317,28.860899140220084
2002-03-17,72.69677641466191,-44.28906629972655,6.806356100155837,28.064204582188296
2002-03-18,72.43302537003746,-43.52709953107721,5.5074326778475085,28.908068211219813
2002-03-19,72.7406973843887,-43.3922022634901,5.716816872949062,30.45410858640133
2002-03-20,73.53150776307922,-42.6758825634774,5.904014712782705,30.483912001486306
2002-03-21,74.32615508856604,-42.87219963749152,5.381012852441992,30.397806551866086
2002-03-22,75.74012147390444,-43.21830306489627,5.646389751133563,29.77273587735551
2002-03-23,75.19962284948396,-43.257618115152546,6.000312178465152,30.832288176847683
2002-03-24,73.86322216372913,-41.79600298217478,6.879364706805748,29.91491426559697
2002-03-25,74.03513575804952,-42.00207724877772,8.009814415233464,31.568990163020953
2002-03-26,73.18918770336902,-42.18992734465513,7.53180299856705,29.083484656616072
2002-03-27,73.86219180541413,-41.28939322170015,7.530874397192129,28.712435263269448
2002-03-28,72.19227817028235,-41.859247543994165,7.602794130291495,27.626682752704465
2002-03-29,73.34658181467007,-41.45003743600436,8.750373322778305,28.183700749259373
2002-03-30,72.4862900075441,-43.07725459582784,9.360222292956852,28.13086109107677
2002-03-31,70.86592784070501,-42.70573150863001,10.360358769325803,28.021469973081707
2002-04-01,72.19896225797716,-42.16914441717403,12.57777976946693,28.245504009566606
2002-04-02,73.31112431648084,-45.095538414141956,14.181011525580212,28.5245929076959
2002-04-03,72.84829715201195,-45.20359191910339,13.36460591552577,29.139188104044756
2002-04-04,72.27016640228447,-46.80972290034181,13.092117590067286,30.208241404865937
2002-04-05,71.87341886976195,-45.09057709624869,13.551955451215576,31.6507343228999
2002-04-06,71.27608870582499,-44.92479197323918,13.699266328917604,30.923334853801308
2002-04-07,70.86782392854927,-45.99356261487677,11.845583184458917,31.528776073386645
2002-04-08,72.50429541063447,-45.97719484012395,11.291595148968321,31.273374497303678
2002-04-09,74.33538108098107,-46.0695939873702,10.709159940233963,31.120823567423685
2002-04-10,75.09553332655081,-46.9726184155895,12.944264227937337,30.434673427904716
2002-04-11,76.02048025013717,-48.439494235308615,13.738762747719921,30.442039544780567
2002-04-12,76.48407824667922,-50.06068579580058,11.194075347457261,32.13045636060884
2002-04-13,77.37232439676029,-52.24788601631993,10.030994209251896,31.301070305114155
2002-04-14,79.33508109920417,-53.54231863657888,9.926214715967872,32.04647866433243
2002-04-15,79.39064787466701,-55.10547171339125,7.468629556862508,31.321753752594898
2002-04-16,79.31845350647863,-55.81377848667718,8.46249589513066,30.17071107054835
2002-04-17,78.60389690222839,-56.51029882429928,6.4507920760236095,29.80320795045508
2002-04-18,79.22361163208522,-55.48747916237325,6.298982900723565,29.064899134515986
2002-04-19,79.22431584002449,-56.27045112918939,6.3547671238549714,28.71597820936705
2002-04-20,80.21307715657512,-57.3159208490408,5.041441822628825,29.5447980659508
2002-04-21,80.88842377368252,-57.216071811993174,5.3054486434839125,31.81489081179013
2002-04-22,80.55672648527083,-57.23333984914565,6.690543715407436,30.559159252452904
2002-04-23,81.36503646249143,-57.41299629603658,6.61987946010508,30.639307771983503
2002-04-24,83.12666088071877,-56.959693123290556,5.104148519332018,31.9359619129242
2002-04-25,80.38111767652285,-56.766422208838144,6.19882407309971,29.399006294164717
2002-04-26,79.3107277585097,-56.238951628466616,6.4123691615290745,28.292248865257882
2002-04-27,78.85998654765284,-54.24226826408504,6.5633900668255585,29.313445063685045
2002-04-28,79.13418820540676,-53.91954469598427,6.985970745939995,27.852723037745953
2002-04-29,78.77430620225658,-53.97052312289885,5.833659032980355,25.601032547127403
2002-04-30,78.82056106096933,-53.850333726188815,4.936156332684126,26.300247554510147
2002-05-01,78.57596245712615,-55.28184126876049,3.0528686389137403,26.582944008706995
2002-05-02,79.93719057626787,-54.35354953528263,1.5787772254665013,25.32574974529636
2002-05-03,80.03964048427383,-54.05028798152611,1.6995540455260756,26.837182155177015
2002-05-04,78.94442622060846,-54.11467558957837,-0.6072688675017901,26.132243987711618
2002-05-05,79.32535329104373,-55.30838047610916,-1.0721048205402173,27.729963065912028
2002-05-06,79.01141714500902,-56.50633665882466,-1.773261441638162,28.341807209931034
2002-05-07,77.59510682622087,-55.35914493786672,-4.19085720622171,29.175889512037507
2002-05-08,76.12778238100789,-56.18486226634275,-4.3525702571362626,31.146417985786595
2002-05-09,75.02435071525616,-54.874964645998375,-2.864619879699055,30.874480881283098
2002-05-10,73.87217712563633,-55.61646444334408,-0.7815878432943721,30.39776651667206
2002-05-11,73.54448883857478,-56.73633639953889,-0.516133120790524,28.714477931171725
2002-05-12,73.50610037792801,-57.161830336687025,-0.5787661257762508,27.64807277816928
2002-05-13,72.60847798960828,-56.91547605588352,-0.4204718938277544,26.772079158810495
2002-05-14,72.11661007380278,-56.85200684722851,0.043169973641112136,26.998262221604854
2002-05-15,72.33956482512788,-56.32983700317913,-0.8109387131169781,27.402299765878915
2002-05-16,71.18880223040516,-55.60755444419255,-0.19127807766991423,26.628414260887958
2002-05-17,70.55637959209115,-56.490538758824734,-0.6916543562584666,26.568481324492726
2002-05-18,72.36866178098396,-58.56081716040061,-2.160659850050705,25.425327347825647
2002-05-19,73.57707059971263,-58.099131412277465,-1.8880058629543266,26.0781854291344
2002-05-20,73.31449356981283,-58.44122923746428,-1.4636629935313785,24.410446859082583
2002-05-21,72.72187616764542,-56.76080002246414,-2.265148940187477,24.792697614541286
2002-05-22,72.76425582639857,-56.53729302653964,-2.306917901199641,24.170682416987145
2002-05-23,71.76758710913883,-57.40638932170476,-1.0222999457439632,25.89266614083385
2002-05-24,71.30291191744197,-56.229397162193294,-1.2695964721626836,25.852710513975392
2002-05-25,72.1463175138089,-57.20516223381827,1.592505748323851,24.708453179508773
2002-05-26,71.42183047956293,-57.07770466687725,0.7145903202935172,24.954520407500542
2002-05-27,72.80881604781175,-55.9806722034326,1.528084465946427,26.9699482326591
2002-05-28,72.81977070730247,-56.095362156285404,1.8858587124528308,26.070784105251818
2002-05-29,71.98586480274814,-56.10714068073662,2.532732474993902,27.06881940155078
2002-05-30,70.35434431012659,-56.91717017257725,2.1584834947718696,27.29012580467501
2002-05-31,72.04559206981222,-57.30208024242228,2.1330595613799335,25.905759332423653
2002-06-01,72.59125893426275,-58.12989522322855,2.1564253549609442,25.278031809400744
2002-06-02,71.18831208836717,-58.569621640590874,2.934786913403045,25.951047063669467
2002-06-03,70.9035429332271,-58.763826620715356,3.5449914479766056,25.264040927787857
2002-06-04,69.55272688130306,-58.49459790163157,4.362810838204643,26.1400459352961
2002-06-05,70.08272755990718,-58.42392564270689,6.101756157086473,25.061880362948543
2002-06-06,72.51494857139895,-59.22951005124654,4.251087249908375,23.807603234373993
2002-06-07,70.67831247284126,-60.22548339210646,4.298116990975695,23.17225735269718
2002-06-08,70.3806980855893,-59.21660472097486,4.5699881639508755,23.000083605275325
2002-06-09,69.91175752643807,-58.91531914173569,4.506831755385535,23.219573829136447
2002-06-10,70.53941939056146,-58.455532455615625,5.047197816682061,24.194420247182812
2002-06-11,69.00714427636026,-59.04506673609053,5.759760379609362,23.88125476062081
2002-06-12,68.63286930574294,-60.155179824407554,6.369755426201518,24.35906388633253
2002-06-13,68.65455638265462,-60.695248544647086,4.0384816540510435,24.332778674082284
2002-06-14,71.14061858545566,-60.97992185275777,4.19359323683487,23.483980283442467
2002-06-15,71.02406623579131,-60.21996407930766,4.099060007164764,22.978499622709652
2002-06-16,70.59678506236186,-59.80685506453002,4.842615203473772,23.394662467688637
2002-06-17,70.86930745475233,-60.11463642137009,5.163076677241035,23.732073565533867
2002-06-18,71.56888572681771,-59.180989373073814,6.58055222122403,24.275433423930554
2002-06-19,69.3016495241377,-61.639680115001184,7.189730180205915,24.0045083932754
2002-06-20,69.68018732829302,-62.74273257604114,6.567395110522092,25.381111711925712
2002-06-21,69.25922997502576,-63.63320430728584,7.220350794230669,25.005873262300597
2002-06-22,68.84043895625453,-64.67925877424413,6.343800696945304,25.32028474635218
2002-06-23,68.67687329669995,-66.09811845908301,7.461833323885346,24.09782739192079
2002-06-24,68.81817317082267,-64.44489823513382,7.458391873382536,24.93245329571949
2002-06-25,66.18001721023784,-61.940200446912456,6.836758066046037,25.19755756274981
2002-06-26,66.51610216372768,-62.12809143344247,6.10441721648629,22.9685183479898
2002-06-27,67.5399322905615,-62.522772470486416,5.911945697429815,23.158441968810283
2002-06-28,68.04227102204061,-62.06077738965713,5.897167546592972,25.079171765185844
2002-06-29,66.5191972248047,-60.14871590877744,3.700267912846658,25.172010745300977
2002-06-30,66.08859889375185,-61.20330571808001,2.6128424753296127,25.64242955995712
2002-07-01,66.81020721822085,-62.411417558773884,3.108340063755014,26.470359441077104
2002-07-02,65.20850263390214,-62.61034713727912,1.7722576834980224,28.41158397312493
2002-07-03,65.64206884064362,-62.77624368206772,2.3679484822907035,28.68081933624938
2002-07-04,65.51162709700428,-61.97466626361731,1.8263241539480255,29.559892837231445
2002-07-05,64.6550823859506,-61.272680401158496,3.1886467249915222,30.100302015388742
2002-07-06,64.05516477999436,-62.1056238168582,3.234332696236949,29.558995375093215
2002-07-07,65.39861789153393,-61.1978028015754,2.9483730762256823,28.29333611285974
2002-07-08,63.39941437171131,-61.300552877503954,2.9836951013476036,26.77132833668287
2002-07-09,64.80696512091711,-61.41983547947323,1.839509853120515,25.760455352288602
2002-07-10,64.54457609438825,-62.46697860085211,1.9705676293442456,25.29048977991804
2002-07-11,64.33813006232226,-64.42434170735558,1.312944045236598,24.984255424735284
2002-07-12,64.05527788420564,-63.13984871254556,2.09198023392688,24.581853428859137
2002-07-13,62.53130280775066,-63.54018153620765,1.5352581273852515,25.903724973421202
2002-07-14,61.40956129017501,-62.43425015279932,2.414948700617584,25.465781154087594
2002-07-15,60.68806309422059,-62.13310095020839,0.8967342285797502,23.78052407003888
2002-07-16,60.891654434696434,-63.06379863152682,0.073107879673173,22.876418738338987
2002-07-17,59.969490375805236,-62.1743504177283,0.5087159195422979,24.195616041878306
2002-07-18,59.06493729624627,-62.259291821286894,-0.3509028650383853,24.9206813268263
2002-07-19,58.14383618879655,-62.833455199039086,-0.1261060479463984,24.55219945788414
2002-07-20,57.436001911460934,-63.73502236424535,0.13827170623397161,24.043837196307223
2002-07-21,58.54337789895145,-63.434483015998694,-1.0510560910559252,23.603688170791937
2002-07-22,58.37899837128803,-63.202452216052556,-0.5676973067252047,24.63006924186485
2002-07-23,57.19808463614221,-62.05670611875221,-0.0035166125848683505,25.258380497920964
2002-07-24,57.74727137241511,-60.96562596704553,-0.747528690472736,23.912579984956803
2002-07-25,58.413834125209206,-60.456441606230186,-3.246485202966099,22.616961506913295
2002-07-26,59.89732122443638,-60.33263935258606,-1.9474417359157736,24.27743997053703
2002-07-27,59.66927316884467,-61.815880369788246,-0.855218600936887,25.368731997586643
2002-07-28,59.442474476651704,-62.37737892113796,-0.7022710983971231,26.016823777331588
2002-07-29,60.93645579028722,-62.19861417887234,0.8154243377931426,25.272970772592984
2002-07-30,60.92427432219455,-60.90313522407368,1.2890039696751097,27.36236338891586
2002-07-31,59.97278760755917,-61.34077254965555,0.7564893779714854,27.187397187007136
2002-08-01,60.90194468075796,-62.91379979924812,1.6049824695722519,27.246565436210233
2002-08-02,59.308200193225154,-62.195330111103324,0.799773350565133,26.826982547744038
2002-08-03,58.97760609035024,-60.635513303848604,0.09972398968165597,26.874268295728115
2002-08-04,59.52475647236636,-60.89565608655775,1.0273574766063769,27.996360223685993
2002-08-05,59.972692307765136,-59.420135850664465,1.0486058548493074,28.954740633798444
2002-08-06,60.34995662508469,-58.82329042539904,-0.1031260076595597,29.57609352803752
2002-08-07,60.305586870443804,-56.29315427816711,1.7716831643613913,30.719454383218558
2002-08-08,59.484446091078844,-58.10314678701597,2.5918112324824,29.99032707308504
2002-08-09,58.846091338660855,-58.4723604467581,2.6508635794926665,28.95063628410089
2002-08-10,59.3780765698024,-57.50947522927393,2.0556516745000906,29.67293700774642
2002-08-11,58.4177082038402,-57.74036686503049,2.442616699167781,30.10651462519936
2002-08-12,59.71035749631591,-58.647400287248516,3.2514705019142873,29.49934610507028
2002-08-13,58.95905728133022,-57.592238298300344,2.766445273744904,30.175603101636185
2002-08-14,61.434532859912245,-56.99042374712978,4.211801380609256,30.420089708629792
2002-08-15,61.29679512841981,-57.77758740017083,6.8444328056511665,30.796193253507774
2002-08-16,61.170151912678506,-58.25204181626281,7.56847447959241,30.106143154840364
2002-08-17,61.649886469156904,-58.62562914463192,9.309616205058179,30.025818110741127
2002-08-18,60.851601458830245,-60.420112268392465,9.766413904818636,28.524713220721992
2002-08-19,61.02812601271191,-59.37584054511767,9.746934076662676,29.422503395952205
2002-08-20,61.986342805536054,-58.922290017414454,9.990834448650247,29.339572082849095
2002-08-21,62.61551784305814,-59.62666523513299,9.575379864059688,29.833225642427482
2002-08-22,61.31389319285855,-58.98125367181475,10.312683428243394,31.743264710062384
2002-08-23,60.821230512983966,-59.50179323953193,10.787765116691638,31.099322028520472
2002-08-24,61.70468207714167,-58.31030423708457,10.683640080735909,31.22456461783543
2002-08-25,59.084849170666736,-57.94561353987905,10.178459806707698,30.195629773500386
2002-08-26,58.35956742065022,-58.74861076875015,11.384277514663971,30.264296255438573
2002-08-27,58.65665543103068,-58.91744214987815,10.408240621197987,31.78518668471026
2002-08-28,57.85502552156206,-57.84331585317583,11.955102648692643,31.599533721995023
2002-08-29,57.55158043379779,-58.353321062148325,11.815837558058533,31.024016357111503
2002-08-30,58.50332572275969,-57.62194009315651,10.958821457225584,30.803804759768717
2002-08-31,59.329721744180674,-57.395857024883256,10.180861089340551,31.99221136226806
2002-09-01,59.40981864470371,-57.693824755588885,9.732497292436506,31.60623532186403
2002-09-02,59.097707619720154,-56.626728626747756,10.712254317410133,31.71225014122599
2002-09-03,58.8307832213117,-55.86685825735326,9.756535715383118,32.059864337183
2002-09-04,58.97167714443001,-56.777092336758514,9.360582194313293,33.7731271039669
2002-09-05,57.9112184377121,-56.29111270376553,9.235315687868058,33.32617850006161
2002-09-06,57.29659454877285,-56.70541449573337,7.668254190343313,32.36671486444683
2002-09-07,57.424217776789575,-58.55592470590494,6.240504709282178,31.34150524072545
2002-09-08,58.00313244295453,-57.539603228437954,7.342641744326351,30.979668323401988
2002-09-09,57.38953400620758,-57.97532805161125,7.343708773623063,31.508054165746422
2002-09-10,57.12208231875784,-57.01969886158102,7.076525626935313,31.589681827771113
2002-09-11,59.029777719703496,-56.855090862531334,6.93525937500142,31.725844689527126
2002-09-12,59.29804278984955,-57.044800018603176,8.172437884110074,31.550072772494374
2002-09-13,59.22112155195082,-58.31123921472269,8.433886952241497,31.072109211314984
2002-09-14,59.45583217932756,-57.30926687266509,9.040155040521823,29.576657925834652
2002-09-15,59.168712832805014,-56.027706510434555,8.85970248255202,28.588766086050278
2002-09-16,59.26452911637027,-55.68701746235439,10.12191639427335,28.878674369512183
2002-09-17,61.40619731700539,-53.97831539742756,9.794600882442964,29.162827413480425
2002-09-18,61.54576028976616,-53.2711213705511,10.290197486936032,27.3421575445198
2002-09-19,62.23404178473947,-54.68999576965482,9.55274570143822,25.824262815362182
2002-09-20,62.48485436586786,-52.777922107064455,9.037324200093286,24.350019174905974
2002-09-21,61.34513692263385,-53.57188925465985,7.928892764111949,24.855257654013656
2002-09-22,61.34599466528513,-52.55298643922421,6.831895192638221,24.442537058709966
2002-09-23,61.38057426277244,-52.42376043396294,5.499681228415234,25.64035671307559
2002-09-24,60.820099039179865,-51.764080422780815,6.01474019071089,26.263274476368917
2002-09-25,59.726311472646344,-52.23337541596348,5.145596889060627,27.66685341186625
2002-09-26,59.980992017142896,-51.9396545004129,7.206166180447253,25.304559824284578
